run,variant,mode,case,iteration,ns,allocations,allocated_bytes,peak_live_bytes,first_draw_ns,hash
0,baseline,single,webp-animation-24,0,342148200,276494,822895709,4957878,0,17740661486525679214
0,baseline,single,webp-animation-24,1,296816700,276494,822895709,4957878,0,17740661486525679214
0,baseline,single,webp-animation-24,2,277059700,276494,822895709,4957878,0,17740661486525679214
0,baseline,single,webp-animation-24,3,312616800,276494,822895709,4957878,0,17740661486525679214
0,baseline,single,webp-animation-24,4,276180600,276494,822895709,4957878,0,17740661486525679214
0,baseline,single,draw-4k,0,5869200,0,0,0,0,70
0,baseline,single,pick-4k,0,19254300,1,33177600,33177600,0,70
0,baseline,single,draw-small-10000,0,1597000,0,0,0,0,70
0,baseline,single,draw-4k,1,3321700,0,0,0,0,70
0,baseline,single,pick-4k,1,19313000,1,33177600,33177600,0,70
0,baseline,single,draw-small-10000,1,1587900,0,0,0,0,70
0,baseline,single,draw-4k,2,3302500,0,0,0,0,70
0,baseline,single,pick-4k,2,19394600,1,33177600,33177600,0,70
0,baseline,single,draw-small-10000,2,1484300,0,0,0,0,70
0,baseline,single,draw-4k,3,3254100,0,0,0,0,70
0,baseline,single,pick-4k,3,19248000,1,33177600,33177600,0,70
0,baseline,single,draw-small-10000,3,1503300,0,0,0,0,70
0,baseline,single,draw-4k,4,3298300,0,0,0,0,70
0,baseline,single,pick-4k,4,22707300,1,33177600,33177600,0,70
0,baseline,single,draw-small-10000,4,2162700,0,0,0,0,70
0,baseline,single,icc-u16-gray,0,33012700,26,4720483,4719928,0,32768
0,baseline,single,icc-u16-gray,1,32607800,26,4720483,4719928,0,32768
0,baseline,single,icc-u16-gray,2,32539500,26,4720483,4719928,0,32768
0,baseline,single,icc-u16-gray,3,32714600,26,4720483,4719928,0,32768
0,baseline,single,icc-u16-gray,4,33552300,26,4720483,4719928,0,32768
0,baseline,single,jpeg-16x16,0,113900,186,40325,19785,91700,4969434112955904360
0,baseline,single,jpeg-16x16,1,25800,186,40325,19785,13500,4969434112955904360
0,baseline,single,jpeg-16x16,2,21900,186,40325,19785,10900,4969434112955904360
0,baseline,single,jpeg-16x16,3,24800,186,40325,19785,11600,4969434112955904360
0,baseline,single,jpeg-16x16,4,26800,186,40325,19785,15500,4969434112955904360
0,baseline,single,jpeg-1024x768,0,25385200,184446,48003245,3526909,64400,1543857408883073829
0,baseline,single,jpeg-1024x768,1,29418400,184446,48003245,3526909,138100,1543857408883073829
0,baseline,single,jpeg-1024x768,2,25055200,184446,48003245,3526909,51300,1543857408883073829
0,baseline,single,jpeg-1024x768,3,28672200,184446,48003245,3526909,69200,1543857408883073829
0,baseline,single,jpeg-1024x768,4,24798700,184446,48003245,3526909,61800,1543857408883073829
1,new,single,webp-animation-24,0,323880600,276053,819679395,1776568,0,17740661486525679214
1,new,single,webp-animation-24,1,302359400,276053,819679395,1776568,0,17740661486525679214
1,new,single,webp-animation-24,2,282798300,276053,819679395,1776568,0,17740661486525679214
1,new,single,webp-animation-24,3,285306700,276053,819679395,1776568,0,17740661486525679214
1,new,single,webp-animation-24,4,293847800,276053,819679395,1776568,0,17740661486525679214
1,new,single,draw-4k,0,4757600,0,0,0,0,70
1,new,single,pick-4k,0,6649200,1,33177600,33177600,0,70
1,new,single,draw-small-10000,0,952300,0,0,0,0,70
1,new,single,draw-4k,1,2558200,0,0,0,0,70
1,new,single,pick-4k,1,5993600,1,33177600,33177600,0,70
1,new,single,draw-small-10000,1,743500,0,0,0,0,70
1,new,single,draw-4k,2,1907700,0,0,0,0,70
1,new,single,pick-4k,2,5676500,1,33177600,33177600,0,70
1,new,single,draw-small-10000,2,805700,0,0,0,0,70
1,new,single,draw-4k,3,1869800,0,0,0,0,70
1,new,single,pick-4k,3,6291100,1,33177600,33177600,0,70
1,new,single,draw-small-10000,3,1006700,0,0,0,0,70
1,new,single,draw-4k,4,2040100,0,0,0,0,70
1,new,single,pick-4k,4,5961300,1,33177600,33177600,0,70
1,new,single,draw-small-10000,4,859300,0,0,0,0,70
1,new,single,icc-u16-gray,0,25540600,25,1574951,1574886,0,32768
1,new,single,icc-u16-gray,1,24566100,25,1574951,1574886,0,32768
1,new,single,icc-u16-gray,2,23080500,25,1574951,1574886,0,32768
1,new,single,icc-u16-gray,3,23375200,25,1574951,1574886,0,32768
1,new,single,icc-u16-gray,4,23284100,25,1574951,1574886,0,32768
1,new,single,jpeg-16x16,0,127000,153,30845,19812,107300,4969434112955904360
1,new,single,jpeg-16x16,1,25600,153,30845,19812,14500,4969434112955904360
1,new,single,jpeg-16x16,2,22500,153,30845,19812,12300,4969434112955904360
1,new,single,jpeg-16x16,3,29500,153,30845,19812,16800,4969434112955904360
1,new,single,jpeg-16x16,4,22000,153,30845,19812,11700,4969434112955904360
1,new,single,jpeg-1024x768,0,27891500,73857,18512165,3526936,531300,1543857408883073829
1,new,single,jpeg-1024x768,1,27279600,73857,18512165,3526936,495700,1543857408883073829
1,new,single,jpeg-1024x768,2,22808000,73857,18512165,3526936,541900,1543857408883073829
1,new,single,jpeg-1024x768,3,23088900,73857,18512165,3526936,464400,1543857408883073829
1,new,single,jpeg-1024x768,4,27788300,73857,18512165,3526936,607400,1543857408883073829
10,new,single,webp-animation-24,0,314530400,276053,819679395,1776568,0,17740661486525679214
10,new,single,webp-animation-24,1,277836100,276053,819679395,1776568,0,17740661486525679214
10,new,single,webp-animation-24,2,276162500,276053,819679395,1776568,0,17740661486525679214
10,new,single,webp-animation-24,3,311427300,276053,819679395,1776568,0,17740661486525679214
10,new,single,webp-animation-24,4,287625500,276053,819679395,1776568,0,17740661486525679214
10,new,single,draw-4k,0,4395800,0,0,0,0,70
10,new,single,pick-4k,0,6088100,1,33177600,33177600,0,70
10,new,single,draw-small-10000,0,652800,0,0,0,0,70
10,new,single,draw-4k,1,2021700,0,0,0,0,70
10,new,single,pick-4k,1,6103700,1,33177600,33177600,0,70
10,new,single,draw-small-10000,1,700700,0,0,0,0,70
10,new,single,draw-4k,2,2082200,0,0,0,0,70
10,new,single,pick-4k,2,5937500,1,33177600,33177600,0,70
10,new,single,draw-small-10000,2,661700,0,0,0,0,70
10,new,single,draw-4k,3,1846800,0,0,0,0,70
10,new,single,pick-4k,3,5722500,1,33177600,33177600,0,70
10,new,single,draw-small-10000,3,662100,0,0,0,0,70
10,new,single,draw-4k,4,1876300,0,0,0,0,70
10,new,single,pick-4k,4,5484900,1,33177600,33177600,0,70
10,new,single,draw-small-10000,4,652700,0,0,0,0,70
10,new,single,icc-u16-gray,0,17882100,25,1574951,1574886,0,32768
10,new,single,icc-u16-gray,1,17835500,25,1574951,1574886,0,32768
10,new,single,icc-u16-gray,2,17922600,25,1574951,1574886,0,32768
10,new,single,icc-u16-gray,3,18159500,25,1574951,1574886,0,32768
10,new,single,icc-u16-gray,4,17845500,25,1574951,1574886,0,32768
10,new,single,jpeg-16x16,0,87400,153,30845,19812,68200,4969434112955904360
10,new,single,jpeg-16x16,1,24500,153,30845,19812,13200,4969434112955904360
10,new,single,jpeg-16x16,2,21900,153,30845,19812,11900,4969434112955904360
10,new,single,jpeg-16x16,3,27300,153,30845,19812,16800,4969434112955904360
10,new,single,jpeg-16x16,4,20600,153,30845,19812,11000,4969434112955904360
10,new,single,jpeg-1024x768,0,22150600,73857,18512165,3526936,458800,1543857408883073829
10,new,single,jpeg-1024x768,1,22941100,73857,18512165,3526936,411700,1543857408883073829
10,new,single,jpeg-1024x768,2,23369400,73857,18512165,3526936,471700,1543857408883073829
10,new,single,jpeg-1024x768,3,20868200,73857,18512165,3526936,422800,1543857408883073829
10,new,single,jpeg-1024x768,4,29777100,73857,18512165,3526936,443600,1543857408883073829
11,baseline,single,webp-animation-24,0,334694500,276494,822895709,4957878,0,17740661486525679214
11,baseline,single,webp-animation-24,1,312623000,276494,822895709,4957878,0,17740661486525679214
11,baseline,single,webp-animation-24,2,291023200,276494,822895709,4957878,0,17740661486525679214
11,baseline,single,webp-animation-24,3,295596300,276494,822895709,4957878,0,17740661486525679214
11,baseline,single,webp-animation-24,4,288083600,276494,822895709,4957878,0,17740661486525679214
11,baseline,single,draw-4k,0,5772900,0,0,0,0,70
11,baseline,single,pick-4k,0,19385600,1,33177600,33177600,0,70
11,baseline,single,draw-small-10000,0,1561000,0,0,0,0,70
11,baseline,single,draw-4k,1,4414600,0,0,0,0,70
11,baseline,single,pick-4k,1,27397100,1,33177600,33177600,0,70
11,baseline,single,draw-small-10000,1,1679600,0,0,0,0,70
11,baseline,single,draw-4k,2,3550800,0,0,0,0,70
11,baseline,single,pick-4k,2,21666200,1,33177600,33177600,0,70
11,baseline,single,draw-small-10000,2,2388200,0,0,0,0,70
11,baseline,single,draw-4k,3,3990200,0,0,0,0,70
11,baseline,single,pick-4k,3,19915300,1,33177600,33177600,0,70
11,baseline,single,draw-small-10000,3,1599700,0,0,0,0,70
11,baseline,single,draw-4k,4,3313200,0,0,0,0,70
11,baseline,single,pick-4k,4,21403600,1,33177600,33177600,0,70
11,baseline,single,draw-small-10000,4,1624100,0,0,0,0,70
11,baseline,single,icc-u16-gray,0,36455700,26,4720483,4719928,0,32768
11,baseline,single,icc-u16-gray,1,33056500,26,4720483,4719928,0,32768
11,baseline,single,icc-u16-gray,2,33368000,26,4720483,4719928,0,32768
11,baseline,single,icc-u16-gray,3,32915300,26,4720483,4719928,0,32768
11,baseline,single,icc-u16-gray,4,33292100,26,4720483,4719928,0,32768
11,baseline,single,jpeg-16x16,0,82400,186,40325,19785,62400,4969434112955904360
11,baseline,single,jpeg-16x16,1,27300,186,40325,19785,14100,4969434112955904360
11,baseline,single,jpeg-16x16,2,25800,186,40325,19785,12700,4969434112955904360
11,baseline,single,jpeg-16x16,3,22700,186,40325,19785,11500,4969434112955904360
11,baseline,single,jpeg-16x16,4,30600,186,40325,19785,16200,4969434112955904360
11,baseline,single,jpeg-1024x768,0,26163200,184446,48003245,3526909,47300,1543857408883073829
11,baseline,single,jpeg-1024x768,1,24446400,184446,48003245,3526909,49200,1543857408883073829
11,baseline,single,jpeg-1024x768,2,24416100,184446,48003245,3526909,58400,1543857408883073829
11,baseline,single,jpeg-1024x768,3,24656300,184446,48003245,3526909,47900,1543857408883073829
11,baseline,single,jpeg-1024x768,4,24901900,184446,48003245,3526909,67900,1543857408883073829
2,new,single,webp-animation-24,0,334615700,276053,819679395,1776568,0,17740661486525679214
2,new,single,webp-animation-24,1,286834600,276053,819679395,1776568,0,17740661486525679214
2,new,single,webp-animation-24,2,275037100,276053,819679395,1776568,0,17740661486525679214
2,new,single,webp-animation-24,3,280641500,276053,819679395,1776568,0,17740661486525679214
2,new,single,webp-animation-24,4,279666700,276053,819679395,1776568,0,17740661486525679214
2,new,single,draw-4k,0,4855700,0,0,0,0,70
2,new,single,pick-4k,0,6035800,1,33177600,33177600,0,70
2,new,single,draw-small-10000,0,726100,0,0,0,0,70
2,new,single,draw-4k,1,1887000,0,0,0,0,70
2,new,single,pick-4k,1,6089000,1,33177600,33177600,0,70
2,new,single,draw-small-10000,1,808600,0,0,0,0,70
2,new,single,draw-4k,2,1795000,0,0,0,0,70
2,new,single,pick-4k,2,5487800,1,33177600,33177600,0,70
2,new,single,draw-small-10000,2,767400,0,0,0,0,70
2,new,single,draw-4k,3,1718400,0,0,0,0,70
2,new,single,pick-4k,3,6290700,1,33177600,33177600,0,70
2,new,single,draw-small-10000,3,779000,0,0,0,0,70
2,new,single,draw-4k,4,2003100,0,0,0,0,70
2,new,single,pick-4k,4,5708000,1,33177600,33177600,0,70
2,new,single,draw-small-10000,4,938400,0,0,0,0,70
2,new,single,icc-u16-gray,0,20635100,25,1574951,1574886,0,32768
2,new,single,icc-u16-gray,1,19137800,25,1574951,1574886,0,32768
2,new,single,icc-u16-gray,2,18269300,25,1574951,1574886,0,32768
2,new,single,icc-u16-gray,3,18748600,25,1574951,1574886,0,32768
2,new,single,icc-u16-gray,4,18086500,25,1574951,1574886,0,32768
2,new,single,jpeg-16x16,0,96600,153,30845,19812,74800,4969434112955904360
2,new,single,jpeg-16x16,1,30300,153,30845,19812,17200,4969434112955904360
2,new,single,jpeg-16x16,2,25900,153,30845,19812,14100,4969434112955904360
2,new,single,jpeg-16x16,3,30800,153,30845,19812,19300,4969434112955904360
2,new,single,jpeg-16x16,4,24200,153,30845,19812,12900,4969434112955904360
2,new,single,jpeg-1024x768,0,20702900,73857,18512165,3526936,437600,1543857408883073829
2,new,single,jpeg-1024x768,1,25797700,73857,18512165,3526936,463800,1543857408883073829
2,new,single,jpeg-1024x768,2,26321100,73857,18512165,3526936,445500,1543857408883073829
2,new,single,jpeg-1024x768,3,21139600,73857,18512165,3526936,407700,1543857408883073829
2,new,single,jpeg-1024x768,4,26253000,73857,18512165,3526936,468900,1543857408883073829
3,baseline,single,webp-animation-24,0,320917600,276494,822895709,4957878,0,17740661486525679214
3,baseline,single,webp-animation-24,1,299234800,276494,822895709,4957878,0,17740661486525679214
3,baseline,single,webp-animation-24,2,279302100,276494,822895709,4957878,0,17740661486525679214
3,baseline,single,webp-animation-24,3,274900200,276494,822895709,4957878,0,17740661486525679214
3,baseline,single,webp-animation-24,4,271684700,276494,822895709,4957878,0,17740661486525679214
3,baseline,single,draw-4k,0,5727900,0,0,0,0,70
3,baseline,single,pick-4k,0,18977500,1,33177600,33177600,0,70
3,baseline,single,draw-small-10000,0,1525100,0,0,0,0,70
3,baseline,single,draw-4k,1,3384800,0,0,0,0,70
3,baseline,single,pick-4k,1,21337400,1,33177600,33177600,0,70
3,baseline,single,draw-small-10000,1,1511800,0,0,0,0,70
3,baseline,single,draw-4k,2,3284900,0,0,0,0,70
3,baseline,single,pick-4k,2,20722200,1,33177600,33177600,0,70
3,baseline,single,draw-small-10000,2,1796400,0,0,0,0,70
3,baseline,single,draw-4k,3,3379200,0,0,0,0,70
3,baseline,single,pick-4k,3,21910200,1,33177600,33177600,0,70
3,baseline,single,draw-small-10000,3,2096100,0,0,0,0,70
3,baseline,single,draw-4k,4,4076400,0,0,0,0,70
3,baseline,single,pick-4k,4,20926500,1,33177600,33177600,0,70
3,baseline,single,draw-small-10000,4,1514400,0,0,0,0,70
3,baseline,single,icc-u16-gray,0,32565100,26,4720483,4719928,0,32768
3,baseline,single,icc-u16-gray,1,33201500,26,4720483,4719928,0,32768
3,baseline,single,icc-u16-gray,2,32435200,26,4720483,4719928,0,32768
3,baseline,single,icc-u16-gray,3,32434800,26,4720483,4719928,0,32768
3,baseline,single,icc-u16-gray,4,32531500,26,4720483,4719928,0,32768
3,baseline,single,jpeg-16x16,0,83100,186,40325,19785,62700,4969434112955904360
3,baseline,single,jpeg-16x16,1,27800,186,40325,19785,13200,4969434112955904360
3,baseline,single,jpeg-16x16,2,24500,186,40325,19785,12100,4969434112955904360
3,baseline,single,jpeg-16x16,3,21000,186,40325,19785,10500,4969434112955904360
3,baseline,single,jpeg-16x16,4,25200,186,40325,19785,14700,4969434112955904360
3,baseline,single,jpeg-1024x768,0,24301800,184446,48003245,3526909,43100,1543857408883073829
3,baseline,single,jpeg-1024x768,1,25918700,184446,48003245,3526909,69800,1543857408883073829
3,baseline,single,jpeg-1024x768,2,27536900,184446,48003245,3526909,61200,1543857408883073829
3,baseline,single,jpeg-1024x768,3,24068500,184446,48003245,3526909,51700,1543857408883073829
3,baseline,single,jpeg-1024x768,4,23955800,184446,48003245,3526909,52800,1543857408883073829
4,baseline,single,webp-animation-24,0,342957000,276494,822895709,4957878,0,17740661486525679214
4,baseline,single,webp-animation-24,1,311808200,276494,822895709,4957878,0,17740661486525679214
4,baseline,single,webp-animation-24,2,286904600,276494,822895709,4957878,0,17740661486525679214
4,baseline,single,webp-animation-24,3,273525500,276494,822895709,4957878,0,17740661486525679214
4,baseline,single,webp-animation-24,4,282425800,276494,822895709,4957878,0,17740661486525679214
4,baseline,single,draw-4k,0,5746000,0,0,0,0,70
4,baseline,single,pick-4k,0,20832300,1,33177600,33177600,0,70
4,baseline,single,draw-small-10000,0,1883700,0,0,0,0,70
4,baseline,single,draw-4k,1,3348500,0,0,0,0,70
4,baseline,single,pick-4k,1,20996300,1,33177600,33177600,0,70
4,baseline,single,draw-small-10000,1,1731100,0,0,0,0,70
4,baseline,single,draw-4k,2,3516000,0,0,0,0,70
4,baseline,single,pick-4k,2,21329400,1,33177600,33177600,0,70
4,baseline,single,draw-small-10000,2,1623400,0,0,0,0,70
4,baseline,single,draw-4k,3,3315000,0,0,0,0,70
4,baseline,single,pick-4k,3,20513200,1,33177600,33177600,0,70
4,baseline,single,draw-small-10000,3,1640600,0,0,0,0,70
4,baseline,single,draw-4k,4,3495100,0,0,0,0,70
4,baseline,single,pick-4k,4,19678200,1,33177600,33177600,0,70
4,baseline,single,draw-small-10000,4,1537700,0,0,0,0,70
4,baseline,single,icc-u16-gray,0,33307300,26,4720483,4719928,0,32768
4,baseline,single,icc-u16-gray,1,38238500,26,4720483,4719928,0,32768
4,baseline,single,icc-u16-gray,2,33551300,26,4720483,4719928,0,32768
4,baseline,single,icc-u16-gray,3,33300000,26,4720483,4719928,0,32768
4,baseline,single,icc-u16-gray,4,32902100,26,4720483,4719928,0,32768
4,baseline,single,jpeg-16x16,0,87700,186,40325,19785,67400,4969434112955904360
4,baseline,single,jpeg-16x16,1,26400,186,40325,19785,13700,4969434112955904360
4,baseline,single,jpeg-16x16,2,22700,186,40325,19785,11400,4969434112955904360
4,baseline,single,jpeg-16x16,3,22100,186,40325,19785,10800,4969434112955904360
4,baseline,single,jpeg-16x16,4,27100,186,40325,19785,16000,4969434112955904360
4,baseline,single,jpeg-1024x768,0,25460700,184446,48003245,3526909,86500,1543857408883073829
4,baseline,single,jpeg-1024x768,1,27443000,184446,48003245,3526909,57000,1543857408883073829
4,baseline,single,jpeg-1024x768,2,39676000,184446,48003245,3526909,92400,1543857408883073829
4,baseline,single,jpeg-1024x768,3,29353200,184446,48003245,3526909,68000,1543857408883073829
4,baseline,single,jpeg-1024x768,4,24929500,184446,48003245,3526909,55700,1543857408883073829
5,new,single,webp-animation-24,0,348899700,276053,819679395,1776568,0,17740661486525679214
5,new,single,webp-animation-24,1,300764900,276053,819679395,1776568,0,17740661486525679214
5,new,single,webp-animation-24,2,297435600,276053,819679395,1776568,0,17740661486525679214
5,new,single,webp-animation-24,3,285564600,276053,819679395,1776568,0,17740661486525679214
5,new,single,webp-animation-24,4,275983800,276053,819679395,1776568,0,17740661486525679214
5,new,single,draw-4k,0,4386400,0,0,0,0,70
5,new,single,pick-4k,0,5989400,1,33177600,33177600,0,70
5,new,single,draw-small-10000,0,710400,0,0,0,0,70
5,new,single,draw-4k,1,2299100,0,0,0,0,70
5,new,single,pick-4k,1,5665200,1,33177600,33177600,0,70
5,new,single,draw-small-10000,1,929100,0,0,0,0,70
5,new,single,draw-4k,2,1795600,0,0,0,0,70
5,new,single,pick-4k,2,5509100,1,33177600,33177600,0,70
5,new,single,draw-small-10000,2,986500,0,0,0,0,70
5,new,single,draw-4k,3,1938800,0,0,0,0,70
5,new,single,pick-4k,3,5895600,1,33177600,33177600,0,70
5,new,single,draw-small-10000,3,930700,0,0,0,0,70
5,new,single,draw-4k,4,2005100,0,0,0,0,70
5,new,single,pick-4k,4,5882400,1,33177600,33177600,0,70
5,new,single,draw-small-10000,4,794300,0,0,0,0,70
5,new,single,icc-u16-gray,0,18525900,25,1574951,1574886,0,32768
5,new,single,icc-u16-gray,1,19772200,25,1574951,1574886,0,32768
5,new,single,icc-u16-gray,2,18774700,25,1574951,1574886,0,32768
5,new,single,icc-u16-gray,3,20766000,25,1574951,1574886,0,32768
5,new,single,icc-u16-gray,4,23087000,25,1574951,1574886,0,32768
5,new,single,jpeg-16x16,0,96200,153,30845,19812,74200,4969434112955904360
5,new,single,jpeg-16x16,1,30600,153,30845,19812,16600,4969434112955904360
5,new,single,jpeg-16x16,2,26600,153,30845,19812,14700,4969434112955904360
5,new,single,jpeg-16x16,3,30500,153,30845,19812,19100,4969434112955904360
5,new,single,jpeg-16x16,4,24300,153,30845,19812,12800,4969434112955904360
5,new,single,jpeg-1024x768,0,20803900,73857,18512165,3526936,485400,1543857408883073829
5,new,single,jpeg-1024x768,1,20378400,73857,18512165,3526936,391400,1543857408883073829
5,new,single,jpeg-1024x768,2,21489500,73857,18512165,3526936,429700,1543857408883073829
5,new,single,jpeg-1024x768,3,20449300,73857,18512165,3526936,414300,1543857408883073829
5,new,single,jpeg-1024x768,4,27927600,73857,18512165,3526936,618700,1543857408883073829
6,new,single,webp-animation-24,0,339184900,276053,819679395,1776568,0,17740661486525679214
6,new,single,webp-animation-24,1,286634000,276053,819679395,1776568,0,17740661486525679214
6,new,single,webp-animation-24,2,281024100,276053,819679395,1776568,0,17740661486525679214
6,new,single,webp-animation-24,3,277546200,276053,819679395,1776568,0,17740661486525679214
6,new,single,webp-animation-24,4,271690000,276053,819679395,1776568,0,17740661486525679214
6,new,single,draw-4k,0,5386100,0,0,0,0,70
6,new,single,pick-4k,0,6358200,1,33177600,33177600,0,70
6,new,single,draw-small-10000,0,962500,0,0,0,0,70
6,new,single,draw-4k,1,2170000,0,0,0,0,70
6,new,single,pick-4k,1,6707700,1,33177600,33177600,0,70
6,new,single,draw-small-10000,1,873100,0,0,0,0,70
6,new,single,draw-4k,2,2026500,0,0,0,0,70
6,new,single,pick-4k,2,5938900,1,33177600,33177600,0,70
6,new,single,draw-small-10000,2,650700,0,0,0,0,70
6,new,single,draw-4k,3,1786100,0,0,0,0,70
6,new,single,pick-4k,3,6126500,1,33177600,33177600,0,70
6,new,single,draw-small-10000,3,717900,0,0,0,0,70
6,new,single,draw-4k,4,1916400,0,0,0,0,70
6,new,single,pick-4k,4,5593300,1,33177600,33177600,0,70
6,new,single,draw-small-10000,4,803800,0,0,0,0,70
6,new,single,icc-u16-gray,0,18037200,25,1574951,1574886,0,32768
6,new,single,icc-u16-gray,1,18054000,25,1574951,1574886,0,32768
6,new,single,icc-u16-gray,2,18165700,25,1574951,1574886,0,32768
6,new,single,icc-u16-gray,3,18122200,25,1574951,1574886,0,32768
6,new,single,icc-u16-gray,4,18416900,25,1574951,1574886,0,32768
6,new,single,jpeg-16x16,0,100000,153,30845,19812,77100,4969434112955904360
6,new,single,jpeg-16x16,1,32500,153,30845,19812,16900,4969434112955904360
6,new,single,jpeg-16x16,2,27700,153,30845,19812,15000,4969434112955904360
6,new,single,jpeg-16x16,3,31400,153,30845,19812,19700,4969434112955904360
6,new,single,jpeg-16x16,4,24800,153,30845,19812,13400,4969434112955904360
6,new,single,jpeg-1024x768,0,20459200,73857,18512165,3526936,464700,1543857408883073829
6,new,single,jpeg-1024x768,1,20817900,73857,18512165,3526936,405000,1543857408883073829
6,new,single,jpeg-1024x768,2,20726300,73857,18512165,3526936,421300,1543857408883073829
6,new,single,jpeg-1024x768,3,20588000,73857,18512165,3526936,406200,1543857408883073829
6,new,single,jpeg-1024x768,4,20182200,73857,18512165,3526936,406900,1543857408883073829
7,baseline,single,webp-animation-24,0,332210400,276494,822895709,4957878,0,17740661486525679214
7,baseline,single,webp-animation-24,1,287574000,276494,822895709,4957878,0,17740661486525679214
7,baseline,single,webp-animation-24,2,289581900,276494,822895709,4957878,0,17740661486525679214
7,baseline,single,webp-animation-24,3,295600500,276494,822895709,4957878,0,17740661486525679214
7,baseline,single,webp-animation-24,4,270581900,276494,822895709,4957878,0,17740661486525679214
7,baseline,single,draw-4k,0,5623800,0,0,0,0,70
7,baseline,single,pick-4k,0,21586400,1,33177600,33177600,0,70
7,baseline,single,draw-small-10000,0,1715600,0,0,0,0,70
7,baseline,single,draw-4k,1,3455000,0,0,0,0,70
7,baseline,single,pick-4k,1,18922900,1,33177600,33177600,0,70
7,baseline,single,draw-small-10000,1,1466000,0,0,0,0,70
7,baseline,single,draw-4k,2,4211800,0,0,0,0,70
7,baseline,single,pick-4k,2,19002900,1,33177600,33177600,0,70
7,baseline,single,draw-small-10000,2,1526500,0,0,0,0,70
7,baseline,single,draw-4k,3,3214400,0,0,0,0,70
7,baseline,single,pick-4k,3,18868200,1,33177600,33177600,0,70
7,baseline,single,draw-small-10000,3,1498400,0,0,0,0,70
7,baseline,single,draw-4k,4,3263700,0,0,0,0,70
7,baseline,single,pick-4k,4,18936800,1,33177600,33177600,0,70
7,baseline,single,draw-small-10000,4,1487800,0,0,0,0,70
7,baseline,single,icc-u16-gray,0,32383500,26,4720483,4719928,0,32768
7,baseline,single,icc-u16-gray,1,32335300,26,4720483,4719928,0,32768
7,baseline,single,icc-u16-gray,2,32551100,26,4720483,4719928,0,32768
7,baseline,single,icc-u16-gray,3,36801800,26,4720483,4719928,0,32768
7,baseline,single,icc-u16-gray,4,32684500,26,4720483,4719928,0,32768
7,baseline,single,jpeg-16x16,0,82600,186,40325,19785,63000,4969434112955904360
7,baseline,single,jpeg-16x16,1,27000,186,40325,19785,13300,4969434112955904360
7,baseline,single,jpeg-16x16,2,25000,186,40325,19785,11800,4969434112955904360
7,baseline,single,jpeg-16x16,3,21000,186,40325,19785,10500,4969434112955904360
7,baseline,single,jpeg-16x16,4,25400,186,40325,19785,14900,4969434112955904360
7,baseline,single,jpeg-1024x768,0,29640400,184446,48003245,3526909,85900,1543857408883073829
7,baseline,single,jpeg-1024x768,1,23407400,184446,48003245,3526909,49800,1543857408883073829
7,baseline,single,jpeg-1024x768,2,29527800,184446,48003245,3526909,89000,1543857408883073829
7,baseline,single,jpeg-1024x768,3,24074500,184446,48003245,3526909,70500,1543857408883073829
7,baseline,single,jpeg-1024x768,4,33466200,184446,48003245,3526909,43300,1543857408883073829
8,baseline,single,webp-animation-24,0,313855400,276494,822895709,4957878,0,17740661486525679214
8,baseline,single,webp-animation-24,1,283512700,276494,822895709,4957878,0,17740661486525679214
8,baseline,single,webp-animation-24,2,292864400,276494,822895709,4957878,0,17740661486525679214
8,baseline,single,webp-animation-24,3,273549000,276494,822895709,4957878,0,17740661486525679214
8,baseline,single,webp-animation-24,4,280322000,276494,822895709,4957878,0,17740661486525679214
8,baseline,single,draw-4k,0,5752900,0,0,0,0,70
8,baseline,single,pick-4k,0,19711400,1,33177600,33177600,0,70
8,baseline,single,draw-small-10000,0,1504200,0,0,0,0,70
8,baseline,single,draw-4k,1,3299400,0,0,0,0,70
8,baseline,single,pick-4k,1,18886700,1,33177600,33177600,0,70
8,baseline,single,draw-small-10000,1,1533000,0,0,0,0,70
8,baseline,single,draw-4k,2,3226000,0,0,0,0,70
8,baseline,single,pick-4k,2,19245800,1,33177600,33177600,0,70
8,baseline,single,draw-small-10000,2,1476800,0,0,0,0,70
8,baseline,single,draw-4k,3,3273400,0,0,0,0,70
8,baseline,single,pick-4k,3,18865800,1,33177600,33177600,0,70
8,baseline,single,draw-small-10000,3,1518800,0,0,0,0,70
8,baseline,single,draw-4k,4,3251200,0,0,0,0,70
8,baseline,single,pick-4k,4,19083700,1,33177600,33177600,0,70
8,baseline,single,draw-small-10000,4,1501200,0,0,0,0,70
8,baseline,single,icc-u16-gray,0,32343600,26,4720483,4719928,0,32768
8,baseline,single,icc-u16-gray,1,32110400,26,4720483,4719928,0,32768
8,baseline,single,icc-u16-gray,2,32677500,26,4720483,4719928,0,32768
8,baseline,single,icc-u16-gray,3,32688800,26,4720483,4719928,0,32768
8,baseline,single,icc-u16-gray,4,32337000,26,4720483,4719928,0,32768
8,baseline,single,jpeg-16x16,0,101200,186,40325,19785,76700,4969434112955904360
8,baseline,single,jpeg-16x16,1,32900,186,40325,19785,16700,4969434112955904360
8,baseline,single,jpeg-16x16,2,30000,186,40325,19785,14700,4969434112955904360
8,baseline,single,jpeg-16x16,3,26000,186,40325,19785,13200,4969434112955904360
8,baseline,single,jpeg-16x16,4,35800,186,40325,19785,19900,4969434112955904360
8,baseline,single,jpeg-1024x768,0,24808100,184446,48003245,3526909,83400,1543857408883073829
8,baseline,single,jpeg-1024x768,1,24580900,184446,48003245,3526909,50900,1543857408883073829
8,baseline,single,jpeg-1024x768,2,23743300,184446,48003245,3526909,67500,1543857408883073829
8,baseline,single,jpeg-1024x768,3,23645000,184446,48003245,3526909,43900,1543857408883073829
8,baseline,single,jpeg-1024x768,4,24617200,184446,48003245,3526909,65400,1543857408883073829
9,new,single,webp-animation-24,0,322290900,276053,819679395,1776568,0,17740661486525679214
9,new,single,webp-animation-24,1,292076000,276053,819679395,1776568,0,17740661486525679214
9,new,single,webp-animation-24,2,270924100,276053,819679395,1776568,0,17740661486525679214
9,new,single,webp-animation-24,3,292879000,276053,819679395,1776568,0,17740661486525679214
9,new,single,webp-animation-24,4,275837700,276053,819679395,1776568,0,17740661486525679214
9,new,single,draw-4k,0,4364900,0,0,0,0,70
9,new,single,pick-4k,0,5796800,1,33177600,33177600,0,70
9,new,single,draw-small-10000,0,877500,0,0,0,0,70
9,new,single,draw-4k,1,1811600,0,0,0,0,70
9,new,single,pick-4k,1,5727600,1,33177600,33177600,0,70
9,new,single,draw-small-10000,1,814300,0,0,0,0,70
9,new,single,draw-4k,2,2024200,0,0,0,0,70
9,new,single,pick-4k,2,5840100,1,33177600,33177600,0,70
9,new,single,draw-small-10000,2,829200,0,0,0,0,70
9,new,single,draw-4k,3,1652700,0,0,0,0,70
9,new,single,pick-4k,3,5775500,1,33177600,33177600,0,70
9,new,single,draw-small-10000,3,787000,0,0,0,0,70
9,new,single,draw-4k,4,1631500,0,0,0,0,70
9,new,single,pick-4k,4,5458100,1,33177600,33177600,0,70
9,new,single,draw-small-10000,4,884300,0,0,0,0,70
9,new,single,icc-u16-gray,0,18103000,25,1574951,1574886,0,32768
9,new,single,icc-u16-gray,1,18021200,25,1574951,1574886,0,32768
9,new,single,icc-u16-gray,2,18645900,25,1574951,1574886,0,32768
9,new,single,icc-u16-gray,3,18130500,25,1574951,1574886,0,32768
9,new,single,icc-u16-gray,4,17954000,25,1574951,1574886,0,32768
9,new,single,jpeg-16x16,0,79400,153,30845,19812,61800,4969434112955904360
9,new,single,jpeg-16x16,1,23800,153,30845,19812,13300,4969434112955904360
9,new,single,jpeg-16x16,2,21400,153,30845,19812,11900,4969434112955904360
9,new,single,jpeg-16x16,3,24700,153,30845,19812,15600,4969434112955904360
9,new,single,jpeg-16x16,4,19200,153,30845,19812,10200,4969434112955904360
9,new,single,jpeg-1024x768,0,20029900,73857,18512165,3526936,454700,1543857408883073829
9,new,single,jpeg-1024x768,1,19872300,73857,18512165,3526936,377100,1543857408883073829
9,new,single,jpeg-1024x768,2,20602300,73857,18512165,3526936,443100,1543857408883073829
9,new,single,jpeg-1024x768,3,21087200,73857,18512165,3526936,413500,1543857408883073829
9,new,single,jpeg-1024x768,4,19983000,73857,18512165,3526936,415800,1543857408883073829
0,baseline,multi,jpeg-16x16,0,293100,213,51710,30060,279200,4969434112955904360
0,baseline,multi,jpeg-16x16,1,267800,211,51632,30012,261300,4969434112955904360
0,baseline,multi,jpeg-16x16,2,180400,211,51632,30012,171800,4969434112955904360
0,baseline,multi,jpeg-16x16,3,177100,211,51632,30012,164900,4969434112955904360
0,baseline,multi,jpeg-16x16,4,193500,213,51776,30012,181500,4969434112955904360
0,baseline,multi,jpeg-1024x768,0,17450100,188440,55221328,7927371,12279900,1543857408883073829
0,baseline,multi,jpeg-1024x768,1,17432700,188436,55221040,8503376,10800600,1543857408883073829
0,baseline,multi,jpeg-1024x768,2,16651800,188438,55221184,9015256,11062200,1543857408883073829
0,baseline,multi,jpeg-1024x768,3,16286200,188440,55221328,8563259,11510900,1543857408883073829
0,baseline,multi,jpeg-1024x768,4,17148900,188438,55221184,9044979,10498000,1543857408883073829
1,new,multi,jpeg-16x16,0,130100,157,32893,21860,106600,4969434112955904360
1,new,multi,jpeg-16x16,1,26000,157,32893,21860,14500,4969434112955904360
1,new,multi,jpeg-16x16,2,22200,157,32893,21860,12100,4969434112955904360
1,new,multi,jpeg-16x16,3,27500,157,32893,21860,17200,4969434112955904360
1,new,multi,jpeg-16x16,4,21300,157,32893,21860,11500,4969434112955904360
1,new,multi,jpeg-1024x768,0,18662300,73870,18514819,3534912,581200,1543857408883073829
1,new,multi,jpeg-1024x768,1,18869400,73868,18514741,3534864,593500,1543857408883073829
1,new,multi,jpeg-1024x768,2,18072000,73868,18514741,3534864,537100,1543857408883073829
1,new,multi,jpeg-1024x768,3,18318400,73868,18514741,3534864,574600,1543857408883073829
1,new,multi,jpeg-1024x768,4,17947300,73868,18514741,3534864,555100,1543857408883073829
10,new,multi,jpeg-16x16,0,104800,157,32893,21860,80300,4969434112955904360
10,new,multi,jpeg-16x16,1,31400,157,32893,21860,17400,4969434112955904360
10,new,multi,jpeg-16x16,2,31500,157,32893,21860,15400,4969434112955904360
10,new,multi,jpeg-16x16,3,34000,157,32893,21860,21200,4969434112955904360
10,new,multi,jpeg-16x16,4,25700,157,32893,21860,13900,4969434112955904360
10,new,multi,jpeg-1024x768,0,21012000,73870,18514819,3534912,557100,1543857408883073829
10,new,multi,jpeg-1024x768,1,18418900,73868,18514741,3535373,629400,1543857408883073829
10,new,multi,jpeg-1024x768,2,17207900,73868,18514741,3534864,527600,1543857408883073829
10,new,multi,jpeg-1024x768,3,19217400,73868,18514741,3534864,579300,1543857408883073829
10,new,multi,jpeg-1024x768,4,18870200,73868,18514741,3534864,521800,1543857408883073829
11,baseline,multi,jpeg-16x16,0,249700,213,51710,30060,236700,4969434112955904360
11,baseline,multi,jpeg-16x16,1,179500,211,51632,30012,173300,4969434112955904360
11,baseline,multi,jpeg-16x16,2,201400,213,51776,30012,192300,4969434112955904360
11,baseline,multi,jpeg-16x16,3,170000,211,51632,30012,163900,4969434112955904360
11,baseline,multi,jpeg-16x16,4,189000,211,51632,30012,183500,4969434112955904360
11,baseline,multi,jpeg-1024x768,0,16200700,188438,55221184,9018859,10635200,1543857408883073829
11,baseline,multi,jpeg-1024x768,1,16497100,188440,55221328,7726216,10928700,1543857408883073829
11,baseline,multi,jpeg-1024x768,2,16001100,188438,55221184,8778931,10556700,1543857408883073829
11,baseline,multi,jpeg-1024x768,3,16660700,188438,55221184,9057899,10687800,1543857408883073829
11,baseline,multi,jpeg-1024x768,4,18965400,188439,55221232,7376768,14943200,1543857408883073829
2,new,multi,jpeg-16x16,0,93000,157,32893,21860,72700,4969434112955904360
2,new,multi,jpeg-16x16,1,25400,157,32893,21860,14100,4969434112955904360
2,new,multi,jpeg-16x16,2,21400,157,32893,21860,11700,4969434112955904360
2,new,multi,jpeg-16x16,3,28900,157,32893,21860,16300,4969434112955904360
2,new,multi,jpeg-16x16,4,22400,157,32893,21860,12100,4969434112955904360
2,new,multi,jpeg-1024x768,0,18382700,73870,18514819,3535421,578000,1543857408883073829
2,new,multi,jpeg-1024x768,1,20597300,73868,18514741,3535373,568200,1543857408883073829
2,new,multi,jpeg-1024x768,2,17542200,73868,18514741,3534864,518800,1543857408883073829
2,new,multi,jpeg-1024x768,3,17577500,73868,18514741,3534864,540900,1543857408883073829
2,new,multi,jpeg-1024x768,4,18829100,73868,18514741,3534864,686000,1543857408883073829
3,baseline,multi,jpeg-16x16,0,254600,215,51854,30060,237600,4969434112955904360
3,baseline,multi,jpeg-16x16,1,163700,211,51632,30012,157700,4969434112955904360
3,baseline,multi,jpeg-16x16,2,188800,213,51776,30012,178000,4969434112955904360
3,baseline,multi,jpeg-16x16,3,156600,215,51920,30156,149600,4969434112955904360
3,baseline,multi,jpeg-16x16,4,167600,213,51776,30012,156400,4969434112955904360
3,baseline,multi,jpeg-1024x768,0,17579300,188438,55221184,8682099,10674800,1543857408883073829
3,baseline,multi,jpeg-1024x768,1,16909100,188438,55221184,9431867,10457000,1543857408883073829
3,baseline,multi,jpeg-1024x768,2,16453900,188440,55221328,9168291,10804000,1543857408883073829
3,baseline,multi,jpeg-1024x768,3,16202100,188440,55221328,9066619,10673500,1543857408883073829
3,baseline,multi,jpeg-1024x768,4,17291400,188436,55221040,8703643,10262200,1543857408883073829
4,baseline,multi,jpeg-16x16,0,251100,213,51710,30060,232100,4969434112955904360
4,baseline,multi,jpeg-16x16,1,172600,213,51776,30012,164500,4969434112955904360
4,baseline,multi,jpeg-16x16,2,186300,211,51632,30012,179700,4969434112955904360
4,baseline,multi,jpeg-16x16,3,171700,211,51632,30012,164300,4969434112955904360
4,baseline,multi,jpeg-16x16,4,196600,211,51632,30012,190300,4969434112955904360
4,baseline,multi,jpeg-1024x768,0,16161700,188438,55221184,8259987,11219600,1543857408883073829
4,baseline,multi,jpeg-1024x768,1,16578600,188438,55221184,9194843,10582200,1543857408883073829
4,baseline,multi,jpeg-1024x768,2,15319700,188440,55221328,8339267,10923400,1543857408883073829
4,baseline,multi,jpeg-1024x768,3,16317100,188440,55221328,9078099,10737400,1543857408883073829
4,baseline,multi,jpeg-1024x768,4,17782100,188438,55221184,7893139,12739300,1543857408883073829
5,new,multi,jpeg-16x16,0,92600,157,32893,21860,72400,4969434112955904360
5,new,multi,jpeg-16x16,1,25800,157,32893,21860,14300,4969434112955904360
5,new,multi,jpeg-16x16,2,24500,157,32893,21860,12200,4969434112955904360
5,new,multi,jpeg-16x16,3,28400,157,32893,21860,17500,4969434112955904360
5,new,multi,jpeg-16x16,4,21000,157,32893,21860,11500,4969434112955904360
5,new,multi,jpeg-1024x768,0,18093400,73870,18514819,3534912,649500,1543857408883073829
5,new,multi,jpeg-1024x768,1,18707400,73868,18514741,3534864,587800,1543857408883073829
5,new,multi,jpeg-1024x768,2,18112000,73868,18514741,3534864,705700,1543857408883073829
5,new,multi,jpeg-1024x768,3,17898200,73868,18514741,3534864,506400,1543857408883073829
5,new,multi,jpeg-1024x768,4,18425900,73868,18514741,3534864,539200,1543857408883073829
6,new,multi,jpeg-16x16,0,89900,157,32893,21860,70100,4969434112955904360
6,new,multi,jpeg-16x16,1,25100,157,32893,21860,13800,4969434112955904360
6,new,multi,jpeg-16x16,2,24500,157,32893,21860,11900,4969434112955904360
6,new,multi,jpeg-16x16,3,27900,157,32893,21860,17700,4969434112955904360
6,new,multi,jpeg-16x16,4,21900,157,32893,21860,11400,4969434112955904360
6,new,multi,jpeg-1024x768,0,17842200,73870,18514819,3535421,579400,1543857408883073829
6,new,multi,jpeg-1024x768,1,18591800,73868,18514741,3534864,558500,1543857408883073829
6,new,multi,jpeg-1024x768,2,21145500,73868,18514741,3534864,515100,1543857408883073829
6,new,multi,jpeg-1024x768,3,18668000,73868,18514741,3534864,570400,1543857408883073829
6,new,multi,jpeg-1024x768,4,17746900,73868,18514741,3534864,523200,1543857408883073829
7,baseline,multi,jpeg-16x16,0,284400,213,51710,30060,265200,4969434112955904360
7,baseline,multi,jpeg-16x16,1,188400,211,51632,30012,181400,4969434112955904360
7,baseline,multi,jpeg-16x16,2,158500,211,51632,30012,152000,4969434112955904360
7,baseline,multi,jpeg-16x16,3,172100,211,51632,30012,165900,4969434112955904360
7,baseline,multi,jpeg-16x16,4,181100,211,51632,30012,174100,4969434112955904360
7,baseline,multi,jpeg-1024x768,0,16508900,188438,55221184,9068987,10111100,1543857408883073829
7,baseline,multi,jpeg-1024x768,1,16000800,188440,55221328,9303376,9992900,1543857408883073829
7,baseline,multi,jpeg-1024x768,2,16045400,188438,55221184,8975067,10539400,1543857408883073829
7,baseline,multi,jpeg-1024x768,3,17204600,188436,55221040,8931027,10761900,1543857408883073829
7,baseline,multi,jpeg-1024x768,4,16279400,188438,55221184,9085771,10289100,1543857408883073829
8,baseline,multi,jpeg-16x16,0,243300,213,51710,30060,226100,4969434112955904360
8,baseline,multi,jpeg-16x16,1,174100,213,51776,30012,163700,4969434112955904360
8,baseline,multi,jpeg-16x16,2,176100,215,51920,30156,167700,4969434112955904360
8,baseline,multi,jpeg-16x16,3,141900,211,51632,30012,135800,4969434112955904360
8,baseline,multi,jpeg-16x16,4,164100,211,51632,30012,159000,4969434112955904360
8,baseline,multi,jpeg-1024x768,0,16507900,188440,55221328,9176763,10585900,1543857408883073829
8,baseline,multi,jpeg-1024x768,1,15963200,188436,55221040,8336923,10195200,1543857408883073829
8,baseline,multi,jpeg-1024x768,2,16703900,188438,55221184,9488531,10362100,1543857408883073829
8,baseline,multi,jpeg-1024x768,3,16419700,188438,55221184,9239475,10531000,1543857408883073829
8,baseline,multi,jpeg-1024x768,4,16764800,188438,55221184,9393275,10059400,1543857408883073829
9,new,multi,jpeg-16x16,0,89700,157,32893,21860,69900,4969434112955904360
9,new,multi,jpeg-16x16,1,25300,157,32893,21860,13900,4969434112955904360
9,new,multi,jpeg-16x16,2,25000,157,32893,21860,12700,4969434112955904360
9,new,multi,jpeg-16x16,3,27100,157,32893,21860,17000,4969434112955904360
9,new,multi,jpeg-16x16,4,20200,157,32893,21860,11000,4969434112955904360
9,new,multi,jpeg-1024x768,0,18314500,73870,18514819,3535421,553000,1543857408883073829
9,new,multi,jpeg-1024x768,1,18100800,73868,18514741,3534864,580800,1543857408883073829
9,new,multi,jpeg-1024x768,2,18872800,73868,18514741,3534864,596500,1543857408883073829
9,new,multi,jpeg-1024x768,3,18521100,73868,18514741,3534864,530300,1543857408883073829
9,new,multi,jpeg-1024x768,4,19064600,73868,18514741,3534864,536100,1543857408883073829
